"","baseMean","log2FoldChange","lfcSE","stat","pvalue","padj"
"TCONS_00004180",2579.73184118675,-0.584386427742024,0.146409000406433,-3.9914651839693,6.5666329911136e-05,0.00507774947006723
"TCONS_00004183",997.996470481598,-0.732627062123843,0.178780007909299,-4.0979249899996,4.16870314550782e-05,0.00376076576626884
"TCONS_00004185",353.669009856901,-0.319551095449127,0.0821021976585556,-3.89211378699103,9.93746152537458e-05,0.0067476509861445
"TCONS_00004205",1817.98933051659,0.730382158537798,0.170014527837739,4.29599851157937,1.7390874873355e-05,0.00227220775500491
"TCONS_00004215",1123.2835056417,-0.591844185012889,0.112047289491472,-5.28209283507867,1.27716448371258e-07,4.03264685732248e-05
"TCONS_00004351",856.739047135497,-0.584889290294616,0.161105548492264,-3.63047266694667,0.00028290266421502,0.0141041867725093
"TCONS_00004375",9117.15491139744,-0.590579513643541,0.175646088680467,-3.36232658569424,0.000772886545853438,0.0280200427275923
"TCONS_00004391",7365.0776021428,-0.308714697554735,0.0971384658297825,-3.17808908054716,0.00148249195124114,0.0428790992614707
"TCONS_00004499",1883.13276633015,0.407211089649916,0.102357876627284,3.97830731808451,6.94076248338903e-05,0.00525970980991221
"TCONS_00004471",1122.18009205589,-0.30228560456598,0.0838194787272385,-3.60638850486846,0.000310488175164328,0.0148916417176916
"TCONS_00000048",411.806188207749,1.42965053332909,0.431989818746841,3.30945423083433,0.000934780479676862,0.0319602039764509
"TCONS_00000079",1415.13513675519,-0.288193106213568,0.0780257721766729,-3.69356301352604,0.000221133680846775,0.0121431234308468
"TCONS_00000195",576.595697718807,-0.24897686518388,0.077451851303172,-3.21460185902211,0.00130625561244259,0.0386672071526952
"TCONS_00000199",1304.82722468018,0.524026629795881,0.106204958599335,4.93410700128236,8.05182920053345e-07,0.000179461063769537
"TCONS_00001997",1397.20635639683,-0.248698070726825,0.0792255232897121,-3.13911553247033,0.00169458622083632,0.0472116705202119
"TCONS_00002015",185.626998935261,0.591942420613289,0.175203275091303,3.37860362658639,0.000728549687239784,0.0278720728555122
"TCONS_00002066",1315.23060280575,0.257767764239964,0.0763540749181847,3.37595294705841,0.000735604984310166,0.0278720728555122
"TCONS_00000337",2141.3056440583,0.419108139579698,0.126645320437393,3.30930616411431,0.000935275019793202,0.0319602039764509
"TCONS_00000371",1093.64169280461,-0.29160500952339,0.093683221964033,-3.11267058721938,0.00185402831513327,0.0491252677345452
"TCONS_00000378",1480.17469956197,-0.371228602090524,0.101823021418671,-3.64582190666024,0.000266538527708248,0.0138344449518706
"TCONS_00000382",636.852134390224,-0.410308688909379,0.121418651000814,-3.37928881211691,0.000726736185346812,0.0278720728555122
"TCONS_00000388",548.79798758547,-0.535552494120698,0.131747594776958,-4.06498877666314,4.80347734225558e-05,0.0040445279221792
"TCONS_00000399",2091.73521241962,0.420059894500818,0.122389216493385,3.43216425871573,0.00059878477242024,0.0243956505666698
"TCONS_00002144",398.566309541769,-0.475223791804526,0.132513847061958,-3.58621987317544,0.000335506105293032,0.0157085625123343
"TCONS_00000414",8308.0517805652,0.463736572426238,0.141440835304948,3.27866115486674,0.00104300791419957,0.0345476003158257
"TCONS_00002193",1410.77325878502,-0.660277167248254,0.154589146386141,-4.27117415862418,1.94446477848901e-05,0.00245585901523162
"TCONS_00000435",1768.13166356751,-0.55505779373457,0.155820055913787,-3.56217170170747,0.000367799697730667,0.0167902777674879
"TCONS_00000474",914.895904762195,-0.951473735486205,0.301414230901525,-3.1566981182022,0.00159566448813912,0.0451191995937248
"TCONS_00000485",3746.74036094849,0.266982460474655,0.0678362154312085,3.93569214876672,8.29572590372382e-05,0.00609953164185811
"TCONS_00000535",4244.8802011275,0.193966424384119,0.0590549789232497,3.28450586082175,0.00102161373344184,0.0345476003158257
"TCONS_00002311",455.787086462664,-0.416681632154873,0.124166542158227,-3.355828590474,0.000791275949288039,0.0280200427275923
"TCONS_00002313",521.861699289708,-0.46507559187428,0.122575577518379,-3.79419458011157,0.000148123483882362,0.00920065377754543
"TCONS_00002316",4761.77308348074,-0.642840573633025,0.17940753813995,-3.58313023130369,0.000339501235653442,0.0157085625123343
"TCONS_00000588",3413.63685366343,0.382828600526594,0.0936355597705586,4.08849588195621,4.34179253129989e-05,0.00380056957547356
"TCONS_00002348",1418.07484596196,-0.354547264275098,0.085387802884767,-4.15220034123103,3.29293788432091e-05,0.00363229264604221
"TCONS_00002352",1566.16357458363,0.248524450577037,0.0767230398407011,3.23924144680718,0.00119848071669702,0.0369810746101175
"TCONS_00002369",794.879379399068,-0.208622602547912,0.0620812152035902,-3.36047871910612,0.000778075246319308,0.0280200427275923
"TCONS_00002412",2025.73965434235,0.446779038027955,0.138231060209737,3.23211756713766,0.00122876489745181,0.0369810746101175
"TCONS_00000686",1238.83709248799,0.38007469922208,0.106083771647592,3.58277890500235,0.000339958333600267,0.0157085625123343
"TCONS_00003931",4172.32803528238,0.729396271922532,0.147334546090095,4.95061267896061,7.39802086646465e-07,0.000175194381643966
"TCONS_00000704",264.072754413334,1.41516939367796,0.36437469046804,3.88383010867239,0.000102823767461531,0.0068350746475744
"TCONS_00000708",1461.52313085847,-1.3847279221951,0.436627758380108,-3.1714152286892,0.00151698136181819,0.0435442604540084
"TCONS_00000721",11263.4839881592,0.326651175397661,0.100522732332804,3.24952543387108,0.00115597740558296,0.0369810746101175
"TCONS_00000726",5525.72022358515,-0.22074576534396,0.0544804996983608,-4.05183077552795,5.08184166857805e-05,0.00409682937920047
"TCONS_00000739",237.150467309117,-0.745670082930519,0.179828623658787,-4.14655947289782,3.37508541786074e-05,0.00363229264604221
"TCONS_00000746",368.471585481343,-0.714032759286065,0.197673354841323,-3.6121851620277,0.000303627633207336,0.0148916417176916
"TCONS_00000755",4572.45055776444,0.941379232693468,0.22150407004916,4.24994101681536,2.13826814497832e-05,0.00261351548429769
"TCONS_00000756",5298.54244544462,1.13640116386005,0.235243540998618,4.83074331833289,1.36024271460616e-06,0.00026431292020058
"TCONS_00000757",5148.26689127883,0.949764108387352,0.234141737191183,4.05636397756733,4.98425673606272e-05,0.00409682937920047
"TCONS_00000758",5722.5495887936,0.726232402842168,0.217294301813872,3.34216036398523,0.000831290187507808,0.0291644307450656
"TCONS_00000779",4532.11815375051,1.22935207263019,0.337750787250594,3.63982000645368,0.00027282868578935,0.013908570250428
"TCONS_00000780",1985.52825846713,0.439364637691802,0.107563578909467,4.08469708935216,4.41343524203845e-05,0.00380056957547356
"TCONS_00000832",542.655169007017,-0.383498790520331,0.0927408338489612,-4.13516651300442,3.54697355248249e-05,0.00363229264604221
"TCONS_00002620",402.605292608073,0.58456017774231,0.104960850251913,5.56931633403625,2.5574080950791e-08,9.69001927225471e-06
"TCONS_00000882",939.50281031905,-0.603014133907096,0.15420230210954,-3.91053911425223,9.20903452327197e-05,0.0064616725571625
"TCONS_00002671",6732.16309817676,0.884477283755085,0.250168793461985,3.5355220429981,0.000406970290063787,0.0179303538261824
"TCONS_00000927",6139.25484792552,0.297680890574535,0.0956309837364165,3.1128079932234,0.0018531653872996,0.0491252677345452
"TCONS_00000934",694.330612480164,-0.248846475248642,0.0766732093762344,-3.24554661625752,0.00117225370131042,0.0369810746101175
"TCONS_00000961",1955.20203900678,-0.287053985560288,0.0760171357059695,-3.77617471237798,0.000159255304686843,0.00973255402352337
"TCONS_00000963",4318.46093838864,-0.421555494748408,0.102215022554437,-4.12420292255867,3.72020809357041e-05,0.00370943907014165
"TCONS_00002721",1502.27182888926,0.625013013149892,0.166667804069358,3.75005248698061,0.000176797560678501,0.0102228162966745
"TCONS_00002803",1946.03187817314,-0.374856748282414,0.111605499820937,-3.35876591103346,0.000782913569958862,0.0280200427275923
"TCONS_00003831",3181.34270944548,-0.232064087167578,0.0537435675004976,-4.31798814184468,1.57457887782056e-05,0.00213074263145075
"TCONS_00002871",2522.15988367811,-0.442840575024842,0.129495882383204,-3.4197270745211,0.000626839915874339,0.0252669834175305
"TCONS_00002873",16823.5194315856,-0.507013348958776,0.156878626587594,-3.23188288925822,0.00122977445259298,0.0369810746101175
"TCONS_00002875",21003.8128891675,-0.704555020547096,0.225008945433527,-3.13123115700855,0.00174075084785814,0.0477949634966268
"TCONS_00001096",725.528365197217,0.469208540989279,0.107472527529154,4.36584634023796,1.26631480007496e-05,0.00187592401068328
"TCONS_00001097",1082.23327826795,0.37834941469627,0.115613685296911,3.27253139387971,0.00106589034588421,0.0348160217289249
"TCONS_00002888",232.884933058945,0.64845952199502,0.18300159784223,3.54346371638827,0.000394907647256122,0.0177917432834747
"TCONS_00001128",6716.58767400864,1.63495034501578,0.276465933343081,5.91374975298271,3.3440583174072e-09,2.11177282744265e-06
"TCONS_00001142",932.12696479785,0.368307366996518,0.118131422233244,3.11777645637176,0.00182220957977434,0.0489670361543614
"TCONS_00001166",487.168436534683,-0.300060054540722,0.0880779901921943,-3.40675410378873,0.000657403247181117,0.0259564534737954
"TCONS_00002962",1795.67319787145,0.341209732156803,0.109088120489089,3.12783583241705,0.00176098511516197,0.0480026805852424
"TCONS_00001236",1794.43177248987,0.416599613605282,0.106264847367101,3.92038970484853,8.84058906392168e-05,0.00632018716286778
"TCONS_00003049",388.992477177052,-0.389709835002233,0.104777713228483,-3.7193962627569,0.000199699544093821,0.0111954533361322
"TCONS_00003051",497.970648954253,-0.371823797252803,0.101331525080472,-3.66937926728646,0.000243140133051881,0.0127952495018553
"TCONS_00001260",3612.50452013047,-0.340456309057717,0.0818933064985874,-4.15731545854226,3.2200920338303e-05,0.00363229264604221
"TCONS_00001266",12507.9818595822,0.468694099899782,0.146735670294158,3.19413881410158,0.00140248661377647,0.0408770906123005
"TCONS_00003091",966.759427182792,-0.318798593618076,0.0732197207942,-4.35399903414176,1.33676295298096e-05,0.00187592401068328
"TCONS_00001286",417.042385890741,0.852025803077466,0.137877660981097,6.17957830887688,6.42730471872447e-10,4.8706115158494e-07
"TCONS_00003094",807.007164492315,0.944771961931895,0.166542138998827,5.67287034747734,1.40424508551866e-08,6.65085578628776e-06
"TCONS_00003920",8606.45940057204,0.415637896640402,0.0937709393851637,4.43248088763589,9.31549623154596e-06,0.00147068396755532
"TCONS_00001297",653.479534912533,-0.45588078265462,0.146196947468259,-3.11826471447768,0.00181919329242663,0.0489670361543614
"TCONS_00001304",1212.26838160949,0.25183570193145,0.077635735949625,3.24381161395646,0.00117941722919579,0.0369810746101175
"TCONS_00001306",1044.93330672611,-0.455391218410654,0.0982889411756792,-4.63318876939268,3.60075926730842e-06,0.000620148948355981
"TCONS_00003123",621.29163254851,-0.262288836713815,0.083354431319647,-3.14666937991565,0.00165141579962371,0.0463497367761055
"TCONS_00003128",5892.18313256995,0.905182846448649,0.269621151251279,3.35723975010048,0.000787248167673547,0.0280200427275923
"TCONS_00003137",3014.78002994037,-0.386704782089516,0.0933895755894121,-4.14077031241331,3.46141433407308e-05,0.00363229264604221
"TCONS_00003148",2171.23183426714,0.252389176275968,0.0686700914411237,3.67538721704428,0.000237488938665113,0.0126738815296072
"TCONS_00004044",18079.2359442784,-0.25053365241078,0.0667055188226416,-3.75581596294762,0.000172777628036178,0.0102228162966745
"TCONS_00001350",2087.81057960201,0.283741079421299,0.080137921677725,3.54065932184223,0.000399128577222315,0.0177917432834747
"TCONS_00003191",1657.76796781993,0.791421748123409,0.1407394567333,5.62331109195017,1.87331601612415e-08,7.88666042788268e-06
"TCONS_00001435",747.10605995037,-0.268703271706474,0.0616756506173085,-4.35671564088967,1.32028613451782e-05,0.00187592401068328
"TCONS_00003261",1670.08606279476,-0.479124818410036,0.141102915405512,-3.39556994292494,0.000684858733623269,0.0267518530072017
"TCONS_00003262",1831.28254728049,-0.882666981084111,0.150546989688881,-5.86306629516953,4.54396691284597e-09,2.45958437611048e-06
"TCONS_00003267",1322.00079598497,-0.281021925142643,0.0887662252655109,-3.16586544377742,0.00154622300735481,0.044049917104266
"TCONS_00001464",395.973751929925,0.292343571185879,0.0786323158907108,3.71785528474324,0.000200921305583793,0.0111954533361322
"TCONS_00001501",838.086278540629,-0.54529615625999,0.158641564934277,-3.43728427342418,0.000587578567453813,0.0243956505666698
"TCONS_00003308",1021.56059520773,-0.356148231651101,0.0868616534928007,-4.10017789588382,4.12832668415773e-05,0.00376076576626884
"TCONS_00003322",1447.68884678096,-0.194458728899743,0.0597324063927031,-3.25549798917022,0.00113193698016605,0.0366573437423007
"TCONS_00003325",739.258922225629,-0.23087370075643,0.0549397682325678,-4.202305691919,2.64210010098097e-05,0.00312841165081778
"TCONS_00003334",2909.24909629926,0.444644791471985,0.135515325410443,3.28114027048428,0.00103388313252252,0.0345476003158257
"TCONS_00001512",2043.5403088622,-0.546028025230808,0.110064892897238,-4.96096448974521,7.01440154779357e-07,0.000175194381643966
"TCONS_00001513",7113.8588593565,-0.542511993110634,0.101655532131792,-5.33676802170775,9.46179682618425e-08,3.25915892494656e-05
"TCONS_00001522",786.565228879681,-0.501042047869229,0.159922961723663,-3.13302131519424,0.001730168770962,0.0477949634966268
"TCONS_00003371",2952.48932451152,0.341744906475007,0.0878238654119748,3.89125330423466,9.9727752764342e-05,0.0067476509861445
"TCONS_00003375",3662.35127275135,0.88394313010392,0.115842650622279,7.63054993437728,2.33754400618306e-14,8.8569542394276e-11
"TCONS_00001534",1379.09714681841,0.497426794836506,0.10307878995918,4.82569493717854,1.39515925152061e-06,0.00026431292020058
"TCONS_00003381",3104.66798049547,0.364289391124776,0.076791235677177,4.74389281422965,2.09649809301211e-06,0.000378268155924899
"TCONS_00003457",373.454521300852,-0.413101377812705,0.114514506381168,-3.60741526001669,0.000309262493258374,0.0148916417176916
"TCONS_00003469",8475.58595151948,0.402913798927329,0.104669149923883,3.84940356561924,0.000118405787679931,0.0076040598223603
"TCONS_00003475",973.189132547035,0.263998124150975,0.0815225959379367,3.23834295404377,0.00120226191193396,0.0369810746101175
"TCONS_00003478",1311.56303681315,-0.50573622954008,0.146793185808858,-3.44522960485786,0.00057057450472629,0.0240211866489768
"TCONS_00003479",1066.14436577289,-0.620984207295148,0.154659774482521,-4.01516302072022,5.94047197213583e-05,0.00468926006300472
"TCONS_00003487",869.317755559319,-0.472898779030898,0.147015001923415,-3.21667022306503,0.00129687574159085,0.0386672071526952
"TCONS_00003491",1424.98087852228,-0.600599817693589,0.163253028555353,-3.67895054081613,0.000234195675812335,0.0126738815296072
"TCONS_00003492",1969.98614885019,-0.520434134660165,0.126703314575968,-4.10750213127318,3.99961088612806e-05,0.00376076576626884
"TCONS_00003525",3705.28774247421,0.282740566576005,0.08299657428414,3.40665345545514,0.000657645693714531,0.0259564534737954
"TCONS_00001630",667.014524524925,-0.393523223928901,0.102396591648828,-3.84312815096914,0.000121475996553018,0.00767120918232308
"TCONS_00001645",2585.93434030254,0.797782800236495,0.113669596439657,7.01843610978254,2.24365307990472e-12,4.25060075987949e-09
"TCONS_00001646",480.222790397359,-0.459697754089185,0.136817240766245,-3.35994024959609,0.000779593310195298,0.0280200427275923
"TCONS_00001647",1075.80987864273,-0.884878815775247,0.176746979001092,-5.00647208102934,5.54366982080096e-07,0.00015003546393582
"TCONS_00001650",1513.67857497201,1.37350925648082,0.206156008761087,6.66247500975135,2.692541140052e-11,2.55050959491425e-08
"TCONS_00001660",8123.31664156451,-0.417570494448153,0.111403991882757,-3.74825432546089,0.000178069642539066,0.0102228162966745
"TCONS_00003591",360.368661869523,0.699068593150919,0.186237513540173,3.75364006886897,0.000174285071166164,0.0102228162966745
"TCONS_00001676",600.904476793104,0.745862955940863,0.232691960952359,3.20536623993457,0.0013489072574097,0.0396202294443827
"TCONS_00001685",1534.49004980722,0.559086784104324,0.11481630841771,4.86940219389675,1.11936370556055e-06,0.000235626060020497
"TCONS_00001698",816.24719272566,-0.275542621625346,0.0669353707219436,-4.11654732996069,3.84590380251726e-05,0.00373644346352253
"TCONS_00001707",983.624438567641,-0.269008926828673,0.0783273367360259,-3.43441942543344,0.000593824584245162,0.0243956505666698
"TCONS_00003655",3753.38621520916,-0.321642010417906,0.0817694356551403,-3.93352366738129,8.37095923400955e-05,0.00609953164185811
"TCONS_00003660",1025.19010590708,-0.2344272775501,0.0715335831597404,-3.27716391651464,0.00104855477337555,0.0345476003158257
"TCONS_00003682",1821.99859746338,-0.230429740799048,0.0696371881655446,-3.30900409492784,0.000936284677061507,0.0319602039764509
"TCONS_00003705",646.761848111618,-0.405233855845337,0.120193005845787,-3.37152609666214,0.000747529561528635,0.0280200427275923
"TCONS_00003706",1078.26657316998,-0.734295007046298,0.106815656734254,-6.87441363463358,6.224535494867e-12,7.86158833001702e-09
"TCONS_00001770",554.162199189848,-0.411619934098513,0.0904400317566097,-4.55130240562338,5.33148536353579e-06,0.000878304262714656
"TCONS_00003711",598.220171122914,-0.215343697207365,0.0621969473919381,-3.46228723815597,0.000535605202458638,0.0228023383383795
"TCONS_00001783",1353.5106604673,-0.227349655665758,0.0654098825233957,-3.47576920940715,0.000509390447660835,0.0219327318884875
"TCONS_00003728",1915.07392495353,-0.230690788280672,0.0596352957448246,-3.86835992677528,0.000109569849500158,0.00715793378889822
"TCONS_00003748",1997.09890125431,0.58453548138338,0.180363695828623,3.2408710561065,0.00119165072803597,0.0369810746101175
"TCONS_00003752",1978.99130903922,0.380035729729433,0.117587511627778,3.23193955266637,0.00122953062350982,0.0369810746101175
"TCONS_00003754",3215.42922809375,0.394019956648388,0.112611326494368,3.49893717545451,0.000467116629406536,0.0203437345841536
"TCONS_00003755",3593.29819998928,0.51481163999666,0.141529374009494,3.63748969851393,0.000275308199731354,0.013908570250428
"TCONS_00003778",1463.15602558213,-0.591606332057077,0.113859782462867,-5.19592009803826,2.03709747216026e-07,5.93735563231941e-05
